{"v":4,"entries":{"configure-your-project--docs":{"id":"configure-your-project--docs","title":"Configure your project","name":"Docs","importPath":"./src/stories/Configure.mdx","storiesImports":[],"type":"docs","tags":["unattached-mdx","docs"]},"example-button--docs":{"id":"example-button--docs","title":"Example/Button","name":"Docs","importPath":"./src/stories/Button.stories.ts","type":"docs","tags":["autodocs","docs"],"storiesImports":[]},"example-button--primary":{"type":"story","id":"example-button--primary","name":"Primary","title":"Example/Button","importPath":"./src/stories/Button.stories.ts","tags":["autodocs","story"]},"example-button--secondary":{"type":"story","id":"example-button--secondary","name":"Secondary","title":"Example/Button","importPath":"./src/stories/Button.stories.ts","tags":["autodocs","story"]},"example-button--large":{"type":"story","id":"example-button--large","name":"Large","title":"Example/Button","importPath":"./src/stories/Button.stories.ts","tags":["autodocs","story"]},"example-button--small":{"type":"story","id":"example-button--small","name":"Small","title":"Example/Button","importPath":"./src/stories/Button.stories.ts","tags":["autodocs","story"]},"example-button--warning":{"type":"story","id":"example-button--warning","name":"Warning","title":"Example/Button","importPath":"./src/stories/Button.stories.ts","tags":["autodocs","story"]},"example-antinput--docs":{"id":"example-antinput--docs","title":"Example/AntInput","name":"Docs","importPath":"./src/stories/Input.stories.ts","type":"docs","tags":["autodocs","docs"],"storiesImports":[]},"example-antinput--basic":{"type":"story","id":"example-antinput--basic","name":"Basic","title":"Example/AntInput","importPath":"./src/stories/Input.stories.ts","tags":["autodocs","story"]},"example-antinput--variants":{"type":"story","id":"example-antinput--variants","name":"Variants","title":"Example/AntInput","importPath":"./src/stories/Input.stories.ts","tags":["autodocs","story"]},"example-antinput--prefix-and-suffix":{"type":"story","id":"example-antinput--prefix-and-suffix","name":"Prefix And Suffix","title":"Example/AntInput","importPath":"./src/stories/Input.stories.ts","tags":["autodocs","story"]}}}
